algorithm,run,final_best_fitness,evals_to_target
PSO,1,500.0,419
PSO,2,500.0,275
PSO,3,500.0,208
PSO,4,500.0,165
PSO,5,500.0,70
PSO,6,500.0,112
PSO,7,500.0,382
PSO,8,500.0,203
PSO,9,500.0,1451
PSO,10,500.0,410
PSO,11,500.0,214
PSO,12,500.0,241
PSO,13,500.0,238
PSO,14,500.0,173
PSO,15,500.0,441
PSO,16,500.0,472
PSO,17,500.0,663
PSO,18,500.0,351
PSO,19,500.0,316
PSO,20,500.0,654
ES_mu+lambda,1,500.0,422
ES_mu+lambda,2,500.0,256
ES_mu+lambda,3,500.0,136
ES_mu+lambda,4,500.0,201
ES_mu+lambda,5,500.0,178
ES_mu+lambda,6,500.0,350
ES_mu+lambda,7,500.0,248
ES_mu+lambda,8,500.0,81
ES_mu+lambda,9,500.0,1947
ES_mu+lambda,10,500.0,285
ES_mu+lambda,11,500.0,203
ES_mu+lambda,12,500.0,358
ES_mu+lambda,13,500.0,209
ES_mu+lambda,14,500.0,454
ES_mu+lambda,15,500.0,440
ES_mu+lambda,16,500.0,277
ES_mu+lambda,17,500.0,470
ES_mu+lambda,18,500.0,194
ES_mu+lambda,19,500.0,161
ES_mu+lambda,20,500.0,247
